INSERT INTO players (id, first_name, last_name) VALUES (1, 'Bob', 'Marley');
INSERT INTO players (id, first_name, last_name) VALUES (2, 'Davie', 'Bowie');
INSERT INTO players (id, first_name, last_name) VALUES (3, 'Duran', 'Duran');
INSERT INTO players (id, first_name, last_name) VALUES (4, 'Justin', 'Bieber');
INSERT INTO players (id, first_name, last_name) VALUES (5, 'Taylor', 'Swift');

INSERT INTO tournaments (id, name, date) VALUES (1, 'Tournoi du mardi', '2017-05-17 04:43:00');
INSERT INTO tournaments (id, name, date) VALUES (2, 'Tournoi du mardi', '2017-06-17 04:43:00');
INSERT INTO tournaments (id, name, date) VALUES (3, 'Tournoi du mardi', '2017-07-17 04:43:00');

INSERT INTO players_tournaments (player_id, tournament_id) VALUES (1, 1);
INSERT INTO players_tournaments (player_id, tournament_id) VALUES (2, 1);
INSERT INTO players_tournaments (player_id, tournament_id) VALUES (3, 1);
INSERT INTO players_tournaments (player_id, tournament_id) VALUES (4, 1);

INSERT INTO players_tournaments (player_id, tournament_id) VALUES (1, 2);
INSERT INTO players_tournaments (player_id, tournament_id) VALUES (2, 2);
INSERT INTO players_tournaments (player_id, tournament_id) VALUES (4, 2);
INSERT INTO players_tournaments (player_id, tournament_id) VALUES (5, 2);

INSERT INTO players_tournaments (player_id, tournament_id) VALUES (2, 3);
INSERT INTO players_tournaments (player_id, tournament_id) VALUES (3, 3);
INSERT INTO players_tournaments (player_id, tournament_id) VALUES (4, 3);
INSERT INTO players_tournaments (player_id, tournament_id) VALUES (5, 3);

INSERT INTO rankings (id, player_id, elo, experience, date) VALUES (1, 1, 1600, 50, '2017-01-01 00:00:00');
INSERT INTO rankings (id, player_id, elo, experience, date) VALUES (2, 2, 1500, 40, '2017-01-01 00:00:00');
INSERT INTO rankings (id, player_id, elo, experience, date) VALUES (3, 3, 1400, 30, '2017-01-01 00:00:00');
INSERT INTO rankings (id, player_id, elo, experience, date) VALUES (4, 4, 1300, 20, '2017-01-01 00:00:00');
INSERT INTO rankings (id, player_id, elo, experience, date) VALUES (5, 5, 1200, 10, '2017-01-01 00:00:00');

INSERT INTO matches (id, player_1_id, player_2_id, tournament_id, type, round, position, match_size, result) VALUES (1, 1, 2, 1, "main", 1, 1, 7, 1);
INSERT INTO matches (id, player_1_id, player_2_id, tournament_id, type, round, position, match_size, result) VALUES (2, 3, 4, 1, "main", 1, 2, 7, 0);

INSERT INTO matches (id, player_1_id, player_2_id, tournament_id, type, round, position, match_size, result) VALUES (3, 1, 4, 1, "main", 2, 1, 7, 1);

INSERT INTO matches (id, player_1_id, player_2_id, tournament_id, type, round, position, match_size, result) VALUES (4, 2, 3, 1, "conso", 1, 1, 7, 1);